geo_code_a,geo_code_b,jsd_distance,jsd_log_base,similarity_band,largest_component_difference,component_difference_summary,pairwise_convention,divergence_caveat
AS,CK,0.1863209011,2,different_profile,monitoring_reporting_gap,Largest normalized profile difference is monitoring_reporting_gap.,unordered_geo_code_pairs,"Similarity means official-data profiles look alike under this method; it does not mean the places share the same vulnerability, lived experience, or policy need."
AS,FJ,0.3110490302,2,highly_different_profile,monitoring_reporting_gap,Largest normalized profile difference is monitoring_reporting_gap.,unordered_geo_code_pairs,"Similarity means official-data profiles look alike under this method; it does not mean the places share the same vulnerability, lived experience, or policy need."
AS,FM,0.2918871045,2,different_profile,monitoring_reporting_gap,Largest normalized profile difference is monitoring_reporting_gap.,unordered_geo_code_pairs,"Similarity means official-data profiles look alike under this method; it does not mean the places share the same vulnerability, lived experience, or policy need."
AS,GU,0.0242015721,2,very_similar_profile,capacity,Largest normalized profile difference is capacity.,unordered_geo_code_pairs,"Similarity means official-data profiles look alike under this method; it does not mean the places share the same vulnerability, lived experience, or policy need."
AS,KI,0.2960897289,2,different_profile,monitoring_reporting_gap,Largest normalized profile difference is monitoring_reporting_gap.,unordered_geo_code_pairs,"Similarity means official-data profiles look alike under this method; it does not mean the places share the same vulnerability, lived experience, or policy need."
AS,MH,0.2945601181,2,different_profile,monitoring_reporting_gap,Largest normalized profile difference is monitoring_reporting_gap.,unordered_geo_code_pairs,"Similarity means official-data profiles look alike under this method; it does not mean the places share the same vulnerability, lived experience, or policy need."
AS,MP,0.0104327905,2,very_similar_profile,capacity,Largest normalized profile difference is capacity.,unordered_geo_code_pairs,"Similarity means official-data profiles look alike under this method; it does not mean the places share the same vulnerability, lived experience, or policy need."
AS,NC,0.2992134894,2,different_profile,monitoring_reporting_gap,Largest normalized profile difference is monitoring_reporting_gap.,unordered_geo_code_pairs,"Similarity means official-data profiles look alike under this method; it does not mean the places share the same vulnerability, lived experience, or policy need."
AS,NR,0.092292971,2,similar_profile,missing_data,Largest normalized profile difference is missing_data.,unordered_geo_code_pairs,"Similarity means official-data profiles look alike under this method; it does not mean the places share the same vulnerability, lived experience, or policy need."
AS,NU,0.0145461694,2,very_similar_profile,monitoring_reporting_gap,Largest normalized profile difference is monitoring_reporting_gap.,unordered_geo_code_pairs,"Similarity means official-data profiles look alike under this method; it does not mean the places share the same vulnerability, lived experience, or policy need."
AS,PF,0.3209116403,2,highly_different_profile,monitoring_reporting_gap,Largest normalized profile difference is monitoring_reporting_gap.,unordered_geo_code_pairs,"Similarity means official-data profiles look alike under this method; it does not mean the places share the same vulnerability, lived experience, or policy need."
AS,PG,0.3013646184,2,highly_different_profile,monitoring_reporting_gap,Largest normalized profile difference is monitoring_reporting_gap.,unordered_geo_code_pairs,"Similarity means official-data profiles look alike under this method; it does not mean the places share the same vulnerability, lived experience, or policy need."
AS,PN,0.0483696214,2,very_similar_profile,missing_data,Largest normalized profile difference is missing_data.,unordered_geo_code_pairs,"Similarity means official-data profiles look alike under this method; it does not mean the places share the same vulnerability, lived experience, or policy need."
AS,PW,0.282865596,2,different_profile,monitoring_reporting_gap,Largest normalized profile difference is monitoring_reporting_gap.,unordered_geo_code_pairs,"Similarity means official-data profiles look alike under this method; it does not mean the places share the same vulnerability, lived experience, or policy need."
AS,SB,0.291809895,2,different_profile,monitoring_reporting_gap,Largest normalized profile difference is monitoring_reporting_gap.,unordered_geo_code_pairs,"Similarity means official-data profiles look alike under this method; it does not mean the places share the same vulnerability, lived experience, or policy need."
AS,TK,0.1958227749,2,different_profile,monitoring_reporting_gap,Largest normalized profile difference is monitoring_reporting_gap.,unordered_geo_code_pairs,"Similarity means official-data profiles look alike under this method; it does not mean the places share the same vulnerability, lived experience, or policy need."
AS,TO,0.2928668272,2,different_profile,monitoring_reporting_gap,Largest normalized profile difference is monitoring_reporting_gap.,unordered_geo_code_pairs,"Similarity means official-data profiles look alike under this method; it does not mean the places share the same vulnerability, lived experience, or policy need."
AS,TV,0.2805011128,2,different_profile,monitoring_reporting_gap,Largest normalized profile difference is monitoring_reporting_gap.,unordered_geo_code_pairs,"Similarity means official-data profiles look alike under this method; it does not mean the places share the same vulnerability, lived experience, or policy need."
AS,VU,0.2949730871,2,different_profile,monitoring_reporting_gap,Largest normalized profile difference is monitoring_reporting_gap.,unordered_geo_code_pairs,"Similarity means official-data profiles look alike under this method; it does not mean the places share the same vulnerability, lived experience, or policy need."
AS,WF,0.0168237063,2,very_similar_profile,rank_fragility,Largest normalized profile difference is rank_fragility.,unordered_geo_code_pairs,"Similarity means official-data profiles look alike under this method; it does not mean the places share the same vulnerability, lived experience, or policy need."
AS,WS,0.3070775777,2,highly_different_profile,monitoring_reporting_gap,Largest normalized profile difference is monitoring_reporting_gap.,unordered_geo_code_pairs,"Similarity means official-data profiles look alike under this method; it does not mean the places share the same vulnerability, lived experience, or policy need."
CK,FJ,0.1179633572,2,similar_profile,missing_data,Largest normalized profile difference is missing_data.,unordered_geo_code_pairs,"Similarity means official-data profiles look alike under this method; it does not mean the places share the same vulnerability, lived experience, or policy need."
CK,FM,0.1096044629,2,similar_profile,missing_data,Largest normalized profile difference is missing_data.,unordered_geo_code_pairs,"Similarity means official-data profiles look alike under this method; it does not mean the places share the same vulnerability, lived experience, or policy need."
CK,GU,0.1338565856,2,similar_profile,monitoring_reporting_gap,Largest normalized profile difference is monitoring_reporting_gap.,unordered_geo_code_pairs,"Similarity means official-data profiles look alike under this method; it does not mean the places share the same vulnerability, lived experience, or policy need."
CK,KI,0.0923261274,2,similar_profile,missing_data,Largest normalized profile difference is missing_data.,unordered_geo_code_pairs,"Similarity means official-data profiles look alike under this method; it does not mean the places share the same vulnerability, lived experience, or policy need."
CK,MH,0.0946050777,2,similar_profile,missing_data,Largest normalized profile difference is missing_data.,unordered_geo_code_pairs,"Similarity means official-data profiles look alike under this method; it does not mean the places share the same vulnerability, lived experience, or policy need."
CK,MP,0.153640306,2,different_profile,monitoring_reporting_gap,Largest normalized profile difference is monitoring_reporting_gap.,unordered_geo_code_pairs,"Similarity means official-data profiles look alike under this method; it does not mean the places share the same vulnerability, lived experience, or policy need."
CK,NC,0.1064377231,2,similar_profile,missing_data,Largest normalized profile difference is missing_data.,unordered_geo_code_pairs,"Similarity means official-data profiles look alike under this method; it does not mean the places share the same vulnerability, lived experience, or policy need."
CK,NR,0.2206468975,2,different_profile,monitoring_reporting_gap,Largest normalized profile difference is monitoring_reporting_gap.,unordered_geo_code_pairs,"Similarity means official-data profiles look alike under this method; it does not mean the places share the same vulnerability, lived experience, or policy need."
CK,NU,0.1226928575,2,similar_profile,monitoring_reporting_gap,Largest normalized profile difference is monitoring_reporting_gap.,unordered_geo_code_pairs,"Similarity means official-data profiles look alike under this method; it does not mean the places share the same vulnerability, lived experience, or policy need."
CK,PF,0.1325982877,2,similar_profile,missing_data,Largest normalized profile difference is missing_data.,unordered_geo_code_pairs,"Similarity means official-data profiles look alike under this method; it does not mean the places share the same vulnerability, lived experience, or policy need."
CK,PG,0.109086241,2,similar_profile,missing_data,Largest normalized profile difference is missing_data.,unordered_geo_code_pairs,"Similarity means official-data profiles look alike under this method; it does not mean the places share the same vulnerability, lived experience, or policy need."
CK,PN,0.2366540861,2,different_profile,monitoring_reporting_gap,Largest normalized profile difference is monitoring_reporting_gap.,unordered_geo_code_pairs,"Similarity means official-data profiles look alike under this method; it does not mean the places share the same vulnerability, lived experience, or policy need."
CK,PW,0.102452114,2,similar_profile,missing_data,Largest normalized profile difference is missing_data.,unordered_geo_code_pairs,"Similarity means official-data profiles look alike under this method; it does not mean the places share the same vulnerability, lived experience, or policy need."
CK,SB,0.1008059673,2,similar_profile,missing_data,Largest normalized profile difference is missing_data.,unordered_geo_code_pairs,"Similarity means official-data profiles look alike under this method; it does not mean the places share the same vulnerability, lived experience, or policy need."
CK,TK,0.0207821078,2,very_similar_profile,capacity,Largest normalized profile difference is capacity.,unordered_geo_code_pairs,"Similarity means official-data profiles look alike under this method; it does not mean the places share the same vulnerability, lived experience, or policy need."
CK,TO,0.1025111901,2,similar_profile,missing_data,Largest normalized profile difference is missing_data.,unordered_geo_code_pairs,"Similarity means official-data profiles look alike under this method; it does not mean the places share the same vulnerability, lived experience, or policy need."
CK,TV,0.0996495448,2,similar_profile,missing_data,Largest normalized profile difference is missing_data.,unordered_geo_code_pairs,"Similarity means official-data profiles look alike under this method; it does not mean the places share the same vulnerability, lived experience, or policy need."
CK,VU,0.109537745,2,similar_profile,missing_data,Largest normalized profile difference is missing_data.,unordered_geo_code_pairs,"Similarity means official-data profiles look alike under this method; it does not mean the places share the same vulnerability, lived experience, or policy need."
CK,WF,0.2031024111,2,different_profile,monitoring_reporting_gap,Largest normalized profile difference is monitoring_reporting_gap.,unordered_geo_code_pairs,"Similarity means official-data profiles look alike under this method; it does not mean the places share the same vulnerability, lived experience, or policy need."
CK,WS,0.131279099,2,similar_profile,missing_data,Largest normalized profile difference is missing_data.,unordered_geo_code_pairs,"Similarity means official-data profiles look alike under this method; it does not mean the places share the same vulnerability, lived experience, or policy need."
FJ,FM,0.0070354479,2,very_similar_profile,capacity,Largest normalized profile difference is capacity.,unordered_geo_code_pairs,"Similarity means official-data profiles look alike under this method; it does not mean the places share the same vulnerability, lived experience, or policy need."
FJ,GU,0.2243114251,2,different_profile,monitoring_reporting_gap,Largest normalized profile difference is monitoring_reporting_gap.,unordered_geo_code_pairs,"Similarity means official-data profiles look alike under this method; it does not mean the places share the same vulnerability, lived experience, or policy need."
FJ,KI,0.0254181873,2,very_similar_profile,rank_fragility,Largest normalized profile difference is rank_fragility.,unordered_geo_code_pairs,"Similarity means official-data profiles look alike under this method; it does not mean the places share the same vulnerability, lived experience, or policy need."
FJ,MH,0.0445634104,2,very_similar_profile,rank_fragility,Largest normalized profile difference is rank_fragility.,unordered_geo_code_pairs,"Similarity means official-data profiles look alike under this method; it does not mean the places share the same vulnerability, lived experience, or policy need."
FJ,MP,0.2505863342,2,different_profile,monitoring_reporting_gap,Largest normalized profile difference is monitoring_reporting_gap.,unordered_geo_code_pairs,"Similarity means official-data profiles look alike under this method; it does not mean the places share the same vulnerability, lived experience, or policy need."
FJ,NC,0.0021310418,2,very_similar_profile,capacity,Largest normalized profile difference is capacity.,unordered_geo_code_pairs,"Similarity means official-data profiles look alike under this method; it does not mean the places share the same vulnerability, lived experience, or policy need."
FJ,NR,0.1662115387,2,different_profile,monitoring_reporting_gap,Largest normalized profile difference is monitoring_reporting_gap.,unordered_geo_code_pairs,"Similarity means official-data profiles look alike under this method; it does not mean the places share the same vulnerability, lived experience, or policy need."
FJ,NU,0.2585012817,2,different_profile,capacity,Largest normalized profile difference is capacity.,unordered_geo_code_pairs,"Similarity means official-data profiles look alike under this method; it does not mean the places share the same vulnerability, lived experience, or policy need."
FJ,PF,0.0089267713,2,very_similar_profile,data_visibility,Largest normalized profile difference is data_visibility.,unordered_geo_code_pairs,"Similarity means official-data profiles look alike under this method; it does not mean the places share the same vulnerability, lived experience, or policy need."
FJ,PG,0.0122470872,2,very_similar_profile,rank_fragility,Largest normalized profile difference is rank_fragility.,unordered_geo_code_pairs,"Similarity means official-data profiles look alike under this method; it does not mean the places share the same vulnerability, lived experience, or policy need."
FJ,PN,0.4236575794,2,highly_different_profile,missing_data,Largest normalized profile difference is missing_data.,unordered_geo_code_pairs,"Similarity means official-data profiles look alike under this method; it does not mean the places share the same vulnerability, lived experience, or policy need."
FJ,PW,0.0169025308,2,very_similar_profile,capacity,Largest normalized profile difference is capacity.,unordered_geo_code_pairs,"Similarity means official-data profiles look alike under this method; it does not mean the places share the same vulnerability, lived experience, or policy need."
FJ,SB,0.0217963111,2,very_similar_profile,rank_fragility,Largest normalized profile difference is rank_fragility.,unordered_geo_code_pairs,"Similarity means official-data profiles look alike under this method; it does not mean the places share the same vulnerability, lived experience, or policy need."
FJ,TK,0.1938466528,2,different_profile,capacity,Largest normalized profile difference is capacity.,unordered_geo_code_pairs,"Similarity means official-data profiles look alike under this method; it does not mean the places share the same vulnerability, lived experience, or policy need."
FJ,TO,0.0060146461,2,very_similar_profile,capacity,Largest normalized profile difference is capacity.,unordered_geo_code_pairs,"Similarity means official-data profiles look alike under this method; it does not mean the places share the same vulnerability, lived experience, or policy need."
FJ,TV,0.0207183402,2,very_similar_profile,capacity,Largest normalized profile difference is capacity.,unordered_geo_code_pairs,"Similarity means official-data profiles look alike under this method; it does not mean the places share the same vulnerability, lived experience, or policy need."
FJ,VU,0.0044866634,2,very_similar_profile,capacity,Largest normalized profile difference is capacity.,unordered_geo_code_pairs,"Similarity means official-data profiles look alike under this method; it does not mean the places share the same vulnerability, lived experience, or policy need."
FJ,WF,0.3614784027,2,highly_different_profile,capacity,Largest normalized profile difference is capacity.,unordered_geo_code_pairs,"Similarity means official-data profiles look alike under this method; it does not mean the places share the same vulnerability, lived experience, or policy need."
FJ,WS,0.0117790948,2,very_similar_profile,data_visibility,Largest normalized profile difference is data_visibility.,unordered_geo_code_pairs,"Similarity means official-data profiles look alike under this method; it does not mean the places share the same vulnerability, lived experience, or policy need."
FM,GU,0.2169108735,2,different_profile,monitoring_reporting_gap,Largest normalized profile difference is monitoring_reporting_gap.,unordered_geo_code_pairs,"Similarity means official-data profiles look alike under this method; it does not mean the places share the same vulnerability, lived experience, or policy need."
FM,KI,0.0196053449,2,very_similar_profile,rank_fragility,Largest normalized profile difference is rank_fragility.,unordered_geo_code_pairs,"Similarity means official-data profiles look alike under this method; it does not mean the places share the same vulnerability, lived experience, or policy need."
FM,MH,0.0313617321,2,very_similar_profile,rank_fragility,Largest normalized profile difference is rank_fragility.,unordered_geo_code_pairs,"Similarity means official-data profiles look alike under this method; it does not mean the places share the same vulnerability, lived experience, or policy need."
FM,MP,0.2356368697,2,different_profile,monitoring_reporting_gap,Largest normalized profile difference is monitoring_reporting_gap.,unordered_geo_code_pairs,"Similarity means official-data profiles look alike under this method; it does not mean the places share the same vulnerability, lived experience, or policy need."
FM,NC,0.0027570335,2,very_similar_profile,pressure,Largest normalized profile difference is pressure.,unordered_geo_code_pairs,"Similarity means official-data profiles look alike under this method; it does not mean the places share the same vulnerability, lived experience, or policy need."
FM,NR,0.1494485875,2,similar_profile,monitoring_reporting_gap,Largest normalized profile difference is monitoring_reporting_gap.,unordered_geo_code_pairs,"Similarity means official-data profiles look alike under this method; it does not mean the places share the same vulnerability, lived experience, or policy need."
FM,NU,0.2393237287,2,different_profile,monitoring_reporting_gap,Largest normalized profile difference is monitoring_reporting_gap.,unordered_geo_code_pairs,"Similarity means official-data profiles look alike under this method; it does not mean the places share the same vulnerability, lived experience, or policy need."
FM,PF,0.0203038028,2,very_similar_profile,data_visibility,Largest normalized profile difference is data_visibility.,unordered_geo_code_pairs,"Similarity means official-data profiles look alike under this method; it does not mean the places share the same vulnerability, lived experience, or policy need."
FM,PG,0.0075055141,2,very_similar_profile,data_visibility,Largest normalized profile difference is data_visibility.,unordered_geo_code_pairs,"Similarity means official-data profiles look alike under this method; it does not mean the places share the same vulnerability, lived experience, or policy need."
FM,PN,0.4020667949,2,highly_different_profile,missing_data,Largest normalized profile difference is missing_data.,unordered_geo_code_pairs,"Similarity means official-data profiles look alike under this method; it does not mean the places share the same vulnerability, lived experience, or policy need."
FM,PW,0.0028538923,2,very_similar_profile,capacity,Largest normalized profile difference is capacity.,unordered_geo_code_pairs,"Similarity means official-data profiles look alike under this method; it does not mean the places share the same vulnerability, lived experience, or policy need."
FM,SB,0.0101516725,2,very_similar_profile,rank_fragility,Largest normalized profile difference is rank_fragility.,unordered_geo_code_pairs,"Similarity means official-data profiles look alike under this method; it does not mean the places share the same vulnerability, lived experience, or policy need."
FM,TK,0.1732948519,2,different_profile,missing_data,Largest normalized profile difference is missing_data.,unordered_geo_code_pairs,"Similarity means official-data profiles look alike under this method; it does not mean the places share the same vulnerability, lived experience, or policy need."
FM,TO,0.0014874822,2,very_similar_profile,pressure,Largest normalized profile difference is pressure.,unordered_geo_code_pairs,"Similarity means official-data profiles look alike under this method; it does not mean the places share the same vulnerability, lived experience, or policy need."
FM,TV,0.006332299,2,very_similar_profile,capacity,Largest normalized profile difference is capacity.,unordered_geo_code_pairs,"Similarity means official-data profiles look alike under this method; it does not mean the places share the same vulnerability, lived experience, or policy need."
FM,VU,0.0003147306,2,very_similar_profile,capacity,Largest normalized profile difference is capacity.,unordered_geo_code_pairs,"Similarity means official-data profiles look alike under this method; it does not mean the places share the same vulnerability, lived experience, or policy need."
FM,WF,0.3330421324,2,highly_different_profile,monitoring_reporting_gap,Largest normalized profile difference is monitoring_reporting_gap.,unordered_geo_code_pairs,"Similarity means official-data profiles look alike under this method; it does not mean the places share the same vulnerability, lived experience, or policy need."
FM,WS,0.0125315315,2,very_similar_profile,data_visibility,Largest normalized profile difference is data_visibility.,unordered_geo_code_pairs,"Similarity means official-data profiles look alike under this method; it does not mean the places share the same vulnerability, lived experience, or policy need."
GU,KI,0.2050608653,2,different_profile,monitoring_reporting_gap,Largest normalized profile difference is monitoring_reporting_gap.,unordered_geo_code_pairs,"Similarity means official-data profiles look alike under this method; it does not mean the places share the same vulnerability, lived experience, or policy need."
GU,MH,0.2064005644,2,different_profile,monitoring_reporting_gap,Largest normalized profile difference is monitoring_reporting_gap.,unordered_geo_code_pairs,"Similarity means official-data profiles look alike under this method; it does not mean the places share the same vulnerability, lived experience, or policy need."
GU,MP,0.0056082177,2,very_similar_profile,pressure,Largest normalized profile difference is pressure.,unordered_geo_code_pairs,"Similarity means official-data profiles look alike under this method; it does not mean the places share the same vulnerability, lived experience, or policy need."
GU,NC,0.2155329318,2,different_profile,monitoring_reporting_gap,Largest normalized profile difference is monitoring_reporting_gap.,unordered_geo_code_pairs,"Similarity means official-data profiles look alike under this method; it does not mean the places share the same vulnerability, lived experience, or policy need."
GU,NR,0.081684053,2,similar_profile,data_visibility,Largest normalized profile difference is data_visibility.,unordered_geo_code_pairs,"Similarity means official-data profiles look alike under this method; it does not mean the places share the same vulnerability, lived experience, or policy need."
GU,NU,0.0214919681,2,very_similar_profile,data_visibility,Largest normalized profile difference is data_visibility.,unordered_geo_code_pairs,"Similarity means official-data profiles look alike under this method; it does not mean the places share the same vulnerability, lived experience, or policy need."
GU,PF,0.2469605579,2,different_profile,data_visibility,Largest normalized profile difference is data_visibility.,unordered_geo_code_pairs,"Similarity means official-data profiles look alike under this method; it does not mean the places share the same vulnerability, lived experience, or policy need."
GU,PG,0.2091124348,2,different_profile,monitoring_reporting_gap,Largest normalized profile difference is monitoring_reporting_gap.,unordered_geo_code_pairs,"Similarity means official-data profiles look alike under this method; it does not mean the places share the same vulnerability, lived experience, or policy need."
GU,PN,0.1037743811,2,similar_profile,missing_data,Largest normalized profile difference is missing_data.,unordered_geo_code_pairs,"Similarity means official-data profiles look alike under this method; it does not mean the places share the same vulnerability, lived experience, or policy need."
GU,PW,0.213023413,2,different_profile,monitoring_reporting_gap,Largest normalized profile difference is monitoring_reporting_gap.,unordered_geo_code_pairs,"Similarity means official-data profiles look alike under this method; it does not mean the places share the same vulnerability, lived experience, or policy need."
GU,SB,0.2051396157,2,different_profile,monitoring_reporting_gap,Largest normalized profile difference is monitoring_reporting_gap.,unordered_geo_code_pairs,"Similarity means official-data profiles look alike under this method; it does not mean the places share the same vulnerability, lived experience, or policy need."
GU,TK,0.1627573245,2,different_profile,monitoring_reporting_gap,Largest normalized profile difference is monitoring_reporting_gap.,unordered_geo_code_pairs,"Similarity means official-data profiles look alike under this method; it does not mean the places share the same vulnerability, lived experience, or policy need."
GU,TO,0.2113926005,2,different_profile,monitoring_reporting_gap,Largest normalized profile difference is monitoring_reporting_gap.,unordered_geo_code_pairs,"Similarity means official-data profiles look alike under this method; it does not mean the places share the same vulnerability, lived experience, or policy need."
GU,TV,0.2156320128,2,different_profile,monitoring_reporting_gap,Largest normalized profile difference is monitoring_reporting_gap.,unordered_geo_code_pairs,"Similarity means official-data profiles look alike under this method; it does not mean the places share the same vulnerability, lived experience, or policy need."
GU,VU,0.2166445274,2,different_profile,monitoring_reporting_gap,Largest normalized profile difference is monitoring_reporting_gap.,unordered_geo_code_pairs,"Similarity means official-data profiles look alike under this method; it does not mean the places share the same vulnerability, lived experience, or policy need."
GU,WF,0.0464335574,2,very_similar_profile,capacity,Largest normalized profile difference is capacity.,unordered_geo_code_pairs,"Similarity means official-data profiles look alike under this method; it does not mean the places share the same vulnerability, lived experience, or policy need."
GU,WS,0.2447020391,2,different_profile,data_visibility,Largest normalized profile difference is data_visibility.,unordered_geo_code_pairs,"Similarity means official-data profiles look alike under this method; it does not mean the places share the same vulnerability, lived experience, or policy need."
KI,MH,0.0032916333,2,very_similar_profile,rank_fragility,Largest normalized profile difference is rank_fragility.,unordered_geo_code_pairs,"Similarity means official-data profiles look alike under this method; it does not mean the places share the same vulnerability, lived experience, or policy need."
KI,MP,0.2376264201,2,different_profile,monitoring_reporting_gap,Largest normalized profile difference is monitoring_reporting_gap.,unordered_geo_code_pairs,"Similarity means official-data profiles look alike under this method; it does not mean the places share the same vulnerability, lived experience, or policy need."
KI,NC,0.014778184,2,very_similar_profile,rank_fragility,Largest normalized profile difference is rank_fragility.,unordered_geo_code_pairs,"Similarity means official-data profiles look alike under this method; it does not mean the places share the same vulnerability, lived experience, or policy need."
KI,NR,0.1570969102,2,different_profile,monitoring_reporting_gap,Largest normalized profile difference is monitoring_reporting_gap.,unordered_geo_code_pairs,"Similarity means official-data profiles look alike under this method; it does not mean the places share the same vulnerability, lived experience, or policy need."
KI,NU,0.2253324626,2,different_profile,monitoring_reporting_gap,Largest normalized profile difference is monitoring_reporting_gap.,unordered_geo_code_pairs,"Similarity means official-data profiles look alike under this method; it does not mean the places share the same vulnerability, lived experience, or policy need."
KI,PF,0.0476095238,2,very_similar_profile,rank_fragility,Largest normalized profile difference is rank_fragility.,unordered_geo_code_pairs,"Similarity means official-data profiles look alike under this method; it does not mean the places share the same vulnerability, lived experience, or policy need."
KI,PG,0.0122424813,2,very_similar_profile,data_visibility,Largest normalized profile difference is data_visibility.,unordered_geo_code_pairs,"Similarity means official-data profiles look alike under this method; it does not mean the places share the same vulnerability, lived experience, or policy need."
KI,PN,0.4325485814,2,highly_different_profile,missing_data,Largest normalized profile difference is missing_data.,unordered_geo_code_pairs,"Similarity means official-data profiles look alike under this method; it does not mean the places share the same vulnerability, lived experience, or policy need."
KI,PW,0.0146825726,2,very_similar_profile,pressure,Largest normalized profile difference is pressure.,unordered_geo_code_pairs,"Similarity means official-data profiles look alike under this method; it does not mean the places share the same vulnerability, lived experience, or policy need."
KI,SB,0.0065378306,2,very_similar_profile,pressure,Largest normalized profile difference is pressure.,unordered_geo_code_pairs,"Similarity means official-data profiles look alike under this method; it does not mean the places share the same vulnerability, lived experience, or policy need."
KI,TK,0.1320274319,2,similar_profile,missing_data,Largest normalized profile difference is missing_data.,unordered_geo_code_pairs,"Similarity means official-data profiles look alike under this method; it does not mean the places share the same vulnerability, lived experience, or policy need."
KI,TO,0.0110226229,2,very_similar_profile,rank_fragility,Largest normalized profile difference is rank_fragility.,unordered_geo_code_pairs,"Similarity means official-data profiles look alike under this method; it does not mean the places share the same vulnerability, lived experience, or policy need."
KI,TV,0.0151547018,2,very_similar_profile,rank_fragility,Largest normalized profile difference is rank_fragility.,unordered_geo_code_pairs,"Similarity means official-data profiles look alike under this method; it does not mean the places share the same vulnerability, lived experience, or policy need."
KI,VU,0.018593317,2,very_similar_profile,rank_fragility,Largest normalized profile difference is rank_fragility.,unordered_geo_code_pairs,"Similarity means official-data profiles look alike under this method; it does not mean the places share the same vulnerability, lived experience, or policy need."
KI,WF,0.313685747,2,highly_different_profile,monitoring_reporting_gap,Largest normalized profile difference is monitoring_reporting_gap.,unordered_geo_code_pairs,"Similarity means official-data profiles look alike under this method; it does not mean the places share the same vulnerability, lived experience, or policy need."
KI,WS,0.0483681513,2,very_similar_profile,rank_fragility,Largest normalized profile difference is rank_fragility.,unordered_geo_code_pairs,"Similarity means official-data profiles look alike under this method; it does not mean the places share the same vulnerability, lived experience, or policy need."
MH,MP,0.2375241349,2,different_profile,monitoring_reporting_gap,Largest normalized profile difference is monitoring_reporting_gap.,unordered_geo_code_pairs,"Similarity means official-data profiles look alike under this method; it does not mean the places share the same vulnerability, lived experience, or policy need."
MH,NC,0.0291854664,2,very_similar_profile,rank_fragility,Largest normalized profile difference is rank_fragility.,unordered_geo_code_pairs,"Similarity means official-data profiles look alike under this method; it does not mean the places share the same vulnerability, lived experience, or policy need."
MH,NR,0.1604600132,2,different_profile,monitoring_reporting_gap,Largest normalized profile difference is monitoring_reporting_gap.,unordered_geo_code_pairs,"Similarity means official-data profiles look alike under this method; it does not mean the places share the same vulnerability, lived experience, or policy need."
MH,NU,0.2212008847,2,different_profile,monitoring_reporting_gap,Largest normalized profile difference is monitoring_reporting_gap.,unordered_geo_code_pairs,"Similarity means official-data profiles look alike under this method; it does not mean the places share the same vulnerability, lived experience, or policy need."
MH,PF,0.072631478,2,similar_profile,rank_fragility,Largest normalized profile difference is rank_fragility.,unordered_geo_code_pairs,"Similarity means official-data profiles look alike under this method; it does not mean the places share the same vulnerability, lived experience, or policy need."
MH,PG,0.0203630934,2,very_similar_profile,rank_fragility,Largest normalized profile difference is rank_fragility.,unordered_geo_code_pairs,"Similarity means official-data profiles look alike under this method; it does not mean the places share the same vulnerability, lived experience, or policy need."
MH,PN,0.4334656299,2,highly_different_profile,missing_data,Largest normalized profile difference is missing_data.,unordered_geo_code_pairs,"Similarity means official-data profiles look alike under this method; it does not mean the places share the same vulnerability, lived experience, or policy need."
MH,PW,0.0210388602,2,very_similar_profile,rank_fragility,Largest normalized profile difference is rank_fragility.,unordered_geo_code_pairs,"Similarity means official-data profiles look alike under this method; it does not mean the places share the same vulnerability, lived experience, or policy need."
MH,SB,0.0092866979,2,very_similar_profile,rank_fragility,Largest normalized profile difference is rank_fragility.,unordered_geo_code_pairs,"Similarity means official-data profiles look alike under this method; it does not mean the places share the same vulnerability, lived experience, or policy need."
MH,TK,0.1221054943,2,similar_profile,missing_data,Largest normalized profile difference is missing_data.,unordered_geo_code_pairs,"Similarity means official-data profiles look alike under this method; it does not mean the places share the same vulnerability, lived experience, or policy need."
MH,TO,0.0218744162,2,very_similar_profile,rank_fragility,Largest normalized profile difference is rank_fragility.,unordered_geo_code_pairs,"Similarity means official-data profiles look alike under this method; it does not mean the places share the same vulnerability, lived experience, or policy need."
MH,TV,0.0214041956,2,very_similar_profile,rank_fragility,Largest normalized profile difference is rank_fragility.,unordered_geo_code_pairs,"Similarity means official-data profiles look alike under this method; it does not mean the places share the same vulnerability, lived experience, or policy need."
MH,VU,0.0315796876,2,very_similar_profile,rank_fragility,Largest normalized profile difference is rank_fragility.,unordered_geo_code_pairs,"Similarity means official-data profiles look alike under this method; it does not mean the places share the same vulnerability, lived experience, or policy need."
MH,WF,0.3010828749,2,highly_different_profile,monitoring_reporting_gap,Largest normalized profile difference is monitoring_reporting_gap.,unordered_geo_code_pairs,"Similarity means official-data profiles look alike under this method; it does not mean the places share the same vulnerability, lived experience, or policy need."
MH,WS,0.0694061758,2,similar_profile,rank_fragility,Largest normalized profile difference is rank_fragility.,unordered_geo_code_pairs,"Similarity means official-data profiles look alike under this method; it does not mean the places share the same vulnerability, lived experience, or policy need."
MP,NC,0.2408281085,2,different_profile,monitoring_reporting_gap,Largest normalized profile difference is monitoring_reporting_gap.,unordered_geo_code_pairs,"Similarity means official-data profiles look alike under this method; it does not mean the places share the same vulnerability, lived experience, or policy need."
MP,NR,0.0816203088,2,similar_profile,data_visibility,Largest normalized profile difference is data_visibility.,unordered_geo_code_pairs,"Similarity means official-data profiles look alike under this method; it does not mean the places share the same vulnerability, lived experience, or policy need."
MP,NU,0.0191750458,2,very_similar_profile,data_visibility,Largest normalized profile difference is data_visibility.,unordered_geo_code_pairs,"Similarity means official-data profiles look alike under this method; it does not mean the places share the same vulnerability, lived experience, or policy need."
MP,PF,0.2714592829,2,different_profile,data_visibility,Largest normalized profile difference is data_visibility.,unordered_geo_code_pairs,"Similarity means official-data profiles look alike under this method; it does not mean the places share the same vulnerability, lived experience, or policy need."
MP,PG,0.2344404475,2,different_profile,monitoring_reporting_gap,Largest normalized profile difference is monitoring_reporting_gap.,unordered_geo_code_pairs,"Similarity means official-data profiles look alike under this method; it does not mean the places share the same vulnerability, lived experience, or policy need."
MP,PN,0.0730047328,2,similar_profile,missing_data,Largest normalized profile difference is missing_data.,unordered_geo_code_pairs,"Similarity means official-data profiles look alike under this method; it does not mean the places share the same vulnerability, lived experience, or policy need."
MP,PW,0.2305473136,2,different_profile,monitoring_reporting_gap,Largest normalized profile difference is monitoring_reporting_gap.,unordered_geo_code_pairs,"Similarity means official-data profiles look alike under this method; it does not mean the places share the same vulnerability, lived experience, or policy need."
MP,SB,0.2295134466,2,different_profile,monitoring_reporting_gap,Largest normalized profile difference is monitoring_reporting_gap.,unordered_geo_code_pairs,"Similarity means official-data profiles look alike under this method; it does not mean the places share the same vulnerability, lived experience, or policy need."
MP,TK,0.1808625621,2,different_profile,monitoring_reporting_gap,Largest normalized profile difference is monitoring_reporting_gap.,unordered_geo_code_pairs,"Similarity means official-data profiles look alike under this method; it does not mean the places share the same vulnerability, lived experience, or policy need."
MP,TO,0.2349325019,2,different_profile,monitoring_reporting_gap,Largest normalized profile difference is monitoring_reporting_gap.,unordered_geo_code_pairs,"Similarity means official-data profiles look alike under this method; it does not mean the places share the same vulnerability, lived experience, or policy need."
MP,TV,0.2335951349,2,different_profile,monitoring_reporting_gap,Largest normalized profile difference is monitoring_reporting_gap.,unordered_geo_code_pairs,"Similarity means official-data profiles look alike under this method; it does not mean the places share the same vulnerability, lived experience, or policy need."
MP,VU,0.2373419103,2,different_profile,monitoring_reporting_gap,Largest normalized profile difference is monitoring_reporting_gap.,unordered_geo_code_pairs,"Similarity means official-data profiles look alike under this method; it does not mean the places share the same vulnerability, lived experience, or policy need."
MP,WF,0.0343400549,2,very_similar_profile,capacity,Largest normalized profile difference is capacity.,unordered_geo_code_pairs,"Similarity means official-data profiles look alike under this method; it does not mean the places share the same vulnerability, lived experience, or policy need."
MP,WS,0.2608300234,2,different_profile,monitoring_reporting_gap,Largest normalized profile difference is monitoring_reporting_gap.,unordered_geo_code_pairs,"Similarity means official-data profiles look alike under this method; it does not mean the places share the same vulnerability, lived experience, or policy need."
NC,NR,0.1549299681,2,different_profile,monitoring_reporting_gap,Largest normalized profile difference is monitoring_reporting_gap.,unordered_geo_code_pairs,"Similarity means official-data profiles look alike under this method; it does not mean the places share the same vulnerability, lived experience, or policy need."
NC,NU,0.2426922746,2,different_profile,capacity,Largest normalized profile difference is capacity.,unordered_geo_code_pairs,"Similarity means official-data profiles look alike under this method; it does not mean the places share the same vulnerability, lived experience, or policy need."
NC,PF,0.0137958947,2,very_similar_profile,data_visibility,Largest normalized profile difference is data_visibility.,unordered_geo_code_pairs,"Similarity means official-data profiles look alike under this method; it does not mean the places share the same vulnerability, lived experience, or policy need."
NC,PG,0.007240062,2,very_similar_profile,data_visibility,Largest normalized profile difference is data_visibility.,unordered_geo_code_pairs,"Similarity means official-data profiles look alike under this method; it does not mean the places share the same vulnerability, lived experience, or policy need."
NC,PN,0.4161805293,2,highly_different_profile,missing_data,Largest normalized profile difference is missing_data.,unordered_geo_code_pairs,"Similarity means official-data profiles look alike under this method; it does not mean the places share the same vulnerability, lived experience, or policy need."
NC,PW,0.0077883429,2,very_similar_profile,capacity,Largest normalized profile difference is capacity.,unordered_geo_code_pairs,"Similarity means official-data profiles look alike under this method; it does not mean the places share the same vulnerability, lived experience, or policy need."
NC,SB,0.0118382342,2,very_similar_profile,rank_fragility,Largest normalized profile difference is rank_fragility.,unordered_geo_code_pairs,"Similarity means official-data profiles look alike under this method; it does not mean the places share the same vulnerability, lived experience, or policy need."
NC,TK,0.1720180725,2,different_profile,capacity,Largest normalized profile difference is capacity.,unordered_geo_code_pairs,"Similarity means official-data profiles look alike under this method; it does not mean the places share the same vulnerability, lived experience, or policy need."
NC,TO,0.0011077586,2,very_similar_profile,capacity,Largest normalized profile difference is capacity.,unordered_geo_code_pairs,"Similarity means official-data profiles look alike under this method; it does not mean the places share the same vulnerability, lived experience, or policy need."
NC,TV,0.0104434956,2,very_similar_profile,capacity,Largest normalized profile difference is capacity.,unordered_geo_code_pairs,"Similarity means official-data profiles look alike under this method; it does not mean the places share the same vulnerability, lived experience, or policy need."
NC,VU,0.0013396554,2,very_similar_profile,pressure,Largest normalized profile difference is pressure.,unordered_geo_code_pairs,"Similarity means official-data profiles look alike under this method; it does not mean the places share the same vulnerability, lived experience, or policy need."
NC,WF,0.341205277,2,highly_different_profile,monitoring_reporting_gap,Largest normalized profile difference is monitoring_reporting_gap.,unordered_geo_code_pairs,"Similarity means official-data profiles look alike under this method; it does not mean the places share the same vulnerability, lived experience, or policy need."
NC,WS,0.0132247025,2,very_similar_profile,rank_fragility,Largest normalized profile difference is rank_fragility.,unordered_geo_code_pairs,"Similarity means official-data profiles look alike under this method; it does not mean the places share the same vulnerability, lived experience, or policy need."
NR,NU,0.0859575176,2,similar_profile,missing_data,Largest normalized profile difference is missing_data.,unordered_geo_code_pairs,"Similarity means official-data profiles look alike under this method; it does not mean the places share the same vulnerability, lived experience, or policy need."
NR,PF,0.1698495736,2,different_profile,monitoring_reporting_gap,Largest normalized profile difference is monitoring_reporting_gap.,unordered_geo_code_pairs,"Similarity means official-data profiles look alike under this method; it does not mean the places share the same vulnerability, lived experience, or policy need."
NR,PG,0.1651772166,2,different_profile,monitoring_reporting_gap,Largest normalized profile difference is monitoring_reporting_gap.,unordered_geo_code_pairs,"Similarity means official-data profiles look alike under this method; it does not mean the places share the same vulnerability, lived experience, or policy need."
NR,PN,0.2205066508,2,different_profile,missing_data,Largest normalized profile difference is missing_data.,unordered_geo_code_pairs,"Similarity means official-data profiles look alike under this method; it does not mean the places share the same vulnerability, lived experience, or policy need."
NR,PW,0.1418444989,2,similar_profile,monitoring_reporting_gap,Largest normalized profile difference is monitoring_reporting_gap.,unordered_geo_code_pairs,"Similarity means official-data profiles look alike under this method; it does not mean the places share the same vulnerability, lived experience, or policy need."
NR,SB,0.1563659602,2,different_profile,monitoring_reporting_gap,Largest normalized profile difference is monitoring_reporting_gap.,unordered_geo_code_pairs,"Similarity means official-data profiles look alike under this method; it does not mean the places share the same vulnerability, lived experience, or policy need."
NR,TK,0.2476080937,2,different_profile,monitoring_reporting_gap,Largest normalized profile difference is monitoring_reporting_gap.,unordered_geo_code_pairs,"Similarity means official-data profiles look alike under this method; it does not mean the places share the same vulnerability, lived experience, or policy need."
NR,TO,0.1503288304,2,different_profile,monitoring_reporting_gap,Largest normalized profile difference is monitoring_reporting_gap.,unordered_geo_code_pairs,"Similarity means official-data profiles look alike under this method; it does not mean the places share the same vulnerability, lived experience, or policy need."
NR,TV,0.1372264346,2,similar_profile,monitoring_reporting_gap,Largest normalized profile difference is monitoring_reporting_gap.,unordered_geo_code_pairs,"Similarity means official-data profiles look alike under this method; it does not mean the places share the same vulnerability, lived experience, or policy need."
NR,VU,0.1520835958,2,different_profile,monitoring_reporting_gap,Largest normalized profile difference is monitoring_reporting_gap.,unordered_geo_code_pairs,"Similarity means official-data profiles look alike under this method; it does not mean the places share the same vulnerability, lived experience, or policy need."
NR,WF,0.1164182955,2,similar_profile,missing_data,Largest normalized profile difference is missing_data.,unordered_geo_code_pairs,"Similarity means official-data profiles look alike under this method; it does not mean the places share the same vulnerability, lived experience, or policy need."
NR,WS,0.1575946727,2,different_profile,monitoring_reporting_gap,Largest normalized profile difference is monitoring_reporting_gap.,unordered_geo_code_pairs,"Similarity means official-data profiles look alike under this method; it does not mean the places share the same vulnerability, lived experience, or policy need."
NU,PF,0.2682977743,2,different_profile,capacity,Largest normalized profile difference is capacity.,unordered_geo_code_pairs,"Similarity means official-data profiles look alike under this method; it does not mean the places share the same vulnerability, lived experience, or policy need."
NU,PG,0.2465941253,2,different_profile,capacity,Largest normalized profile difference is capacity.,unordered_geo_code_pairs,"Similarity means official-data profiles look alike under this method; it does not mean the places share the same vulnerability, lived experience, or policy need."
NU,PN,0.0771014526,2,similar_profile,missing_data,Largest normalized profile difference is missing_data.,unordered_geo_code_pairs,"Similarity means official-data profiles look alike under this method; it does not mean the places share the same vulnerability, lived experience, or policy need."
NU,PW,0.2255588752,2,different_profile,monitoring_reporting_gap,Largest normalized profile difference is monitoring_reporting_gap.,unordered_geo_code_pairs,"Similarity means official-data profiles look alike under this method; it does not mean the places share the same vulnerability, lived experience, or policy need."
NU,SB,0.23165509,2,different_profile,monitoring_reporting_gap,Largest normalized profile difference is monitoring_reporting_gap.,unordered_geo_code_pairs,"Similarity means official-data profiles look alike under this method; it does not mean the places share the same vulnerability, lived experience, or policy need."
NU,TK,0.1197090074,2,similar_profile,monitoring_reporting_gap,Largest normalized profile difference is monitoring_reporting_gap.,unordered_geo_code_pairs,"Similarity means official-data profiles look alike under this method; it does not mean the places share the same vulnerability, lived experience, or policy need."
NU,TO,0.2354706924,2,different_profile,monitoring_reporting_gap,Largest normalized profile difference is monitoring_reporting_gap.,unordered_geo_code_pairs,"Similarity means official-data profiles look alike under this method; it does not mean the places share the same vulnerability, lived experience, or policy need."
NU,TV,0.2192814526,2,different_profile,monitoring_reporting_gap,Largest normalized profile difference is monitoring_reporting_gap.,unordered_geo_code_pairs,"Similarity means official-data profiles look alike under this method; it does not mean the places share the same vulnerability, lived experience, or policy need."
NU,VU,0.2419768483,2,different_profile,monitoring_reporting_gap,Largest normalized profile difference is monitoring_reporting_gap.,unordered_geo_code_pairs,"Similarity means official-data profiles look alike under this method; it does not mean the places share the same vulnerability, lived experience, or policy need."
NU,WF,0.0190952086,2,very_similar_profile,monitoring_reporting_gap,Largest normalized profile difference is monitoring_reporting_gap.,unordered_geo_code_pairs,"Similarity means official-data profiles look alike under this method; it does not mean the places share the same vulnerability, lived experience, or policy need."
NU,WS,0.2584153257,2,different_profile,monitoring_reporting_gap,Largest normalized profile difference is monitoring_reporting_gap.,unordered_geo_code_pairs,"Similarity means official-data profiles look alike under this method; it does not mean the places share the same vulnerability, lived experience, or policy need."
PF,PG,0.0394552526,2,very_similar_profile,data_visibility,Largest normalized profile difference is data_visibility.,unordered_geo_code_pairs,"Similarity means official-data profiles look alike under this method; it does not mean the places share the same vulnerability, lived experience, or policy need."
PF,PN,0.4260166107,2,highly_different_profile,missing_data,Largest normalized profile difference is missing_data.,unordered_geo_code_pairs,"Similarity means official-data profiles look alike under this method; it does not mean the places share the same vulnerability, lived experience, or policy need."
PF,PW,0.0321438498,2,very_similar_profile,rank_fragility,Largest normalized profile difference is rank_fragility.,unordered_geo_code_pairs,"Similarity means official-data profiles look alike under this method; it does not mean the places share the same vulnerability, lived experience, or policy need."
PF,SB,0.0498691199,2,very_similar_profile,rank_fragility,Largest normalized profile difference is rank_fragility.,unordered_geo_code_pairs,"Similarity means official-data profiles look alike under this method; it does not mean the places share the same vulnerability, lived experience, or policy need."
PF,TK,0.2086504933,2,different_profile,capacity,Largest normalized profile difference is capacity.,unordered_geo_code_pairs,"Similarity means official-data profiles look alike under this method; it does not mean the places share the same vulnerability, lived experience, or policy need."
PF,TO,0.0211768956,2,very_similar_profile,rank_fragility,Largest normalized profile difference is rank_fragility.,unordered_geo_code_pairs,"Similarity means official-data profiles look alike under this method; it does not mean the places share the same vulnerability, lived experience, or policy need."
PF,TV,0.0305250004,2,very_similar_profile,capacity,Largest normalized profile difference is capacity.,unordered_geo_code_pairs,"Similarity means official-data profiles look alike under this method; it does not mean the places share the same vulnerability, lived experience, or policy need."
PF,VU,0.0175735107,2,very_similar_profile,data_visibility,Largest normalized profile difference is data_visibility.,unordered_geo_code_pairs,"Similarity means official-data profiles look alike under this method; it does not mean the places share the same vulnerability, lived experience, or policy need."
PF,WF,0.3802429492,2,highly_different_profile,monitoring_reporting_gap,Largest normalized profile difference is monitoring_reporting_gap.,unordered_geo_code_pairs,"Similarity means official-data profiles look alike under this method; it does not mean the places share the same vulnerability, lived experience, or policy need."
PF,WS,0.0047871488,2,very_similar_profile,pressure,Largest normalized profile difference is pressure.,unordered_geo_code_pairs,"Similarity means official-data profiles look alike under this method; it does not mean the places share the same vulnerability, lived experience, or policy need."
PG,PN,0.4210470144,2,highly_different_profile,missing_data,Largest normalized profile difference is missing_data.,unordered_geo_code_pairs,"Similarity means official-data profiles look alike under this method; it does not mean the places share the same vulnerability, lived experience, or policy need."
PG,PW,0.0101765523,2,very_similar_profile,data_visibility,Largest normalized profile difference is data_visibility.,unordered_geo_code_pairs,"Similarity means official-data profiles look alike under this method; it does not mean the places share the same vulnerability, lived experience, or policy need."
PG,SB,0.003136369,2,very_similar_profile,capacity,Largest normalized profile difference is capacity.,unordered_geo_code_pairs,"Similarity means official-data profiles look alike under this method; it does not mean the places share the same vulnerability, lived experience, or policy need."
PG,TK,0.1728869632,2,different_profile,capacity,Largest normalized profile difference is capacity.,unordered_geo_code_pairs,"Similarity means official-data profiles look alike under this method; it does not mean the places share the same vulnerability, lived experience, or policy need."
PG,TO,0.0047244351,2,very_similar_profile,data_visibility,Largest normalized profile difference is data_visibility.,unordered_geo_code_pairs,"Similarity means official-data profiles look alike under this method; it does not mean the places share the same vulnerability, lived experience, or policy need."
PG,TV,0.0177046155,2,very_similar_profile,data_visibility,Largest normalized profile difference is data_visibility.,unordered_geo_code_pairs,"Similarity means official-data profiles look alike under this method; it does not mean the places share the same vulnerability, lived experience, or policy need."
PG,VU,0.006608672,2,very_similar_profile,data_visibility,Largest normalized profile difference is data_visibility.,unordered_geo_code_pairs,"Similarity means official-data profiles look alike under this method; it does not mean the places share the same vulnerability, lived experience, or policy need."
PG,WF,0.3350558928,2,highly_different_profile,monitoring_reporting_gap,Largest normalized profile difference is monitoring_reporting_gap.,unordered_geo_code_pairs,"Similarity means official-data profiles look alike under this method; it does not mean the places share the same vulnerability, lived experience, or policy need."
PG,WS,0.0357934751,2,very_similar_profile,data_visibility,Largest normalized profile difference is data_visibility.,unordered_geo_code_pairs,"Similarity means official-data profiles look alike under this method; it does not mean the places share the same vulnerability, lived experience, or policy need."
PN,PW,0.3972861465,2,highly_different_profile,missing_data,Largest normalized profile difference is missing_data.,unordered_geo_code_pairs,"Similarity means official-data profiles look alike under this method; it does not mean the places share the same vulnerability, lived experience, or policy need."
PN,SB,0.4160059065,2,highly_different_profile,missing_data,Largest normalized profile difference is missing_data.,unordered_geo_code_pairs,"Similarity means official-data profiles look alike under this method; it does not mean the places share the same vulnerability, lived experience, or policy need."
PN,TK,0.2477081445,2,different_profile,rank_fragility,Largest normalized profile difference is rank_fragility.,unordered_geo_code_pairs,"Similarity means official-data profiles look alike under this method; it does not mean the places share the same vulnerability, lived experience, or policy need."
PN,TO,0.4107938989,2,highly_different_profile,missing_data,Largest normalized profile difference is missing_data.,unordered_geo_code_pairs,"Similarity means official-data profiles look alike under this method; it does not mean the places share the same vulnerability, lived experience, or policy need."
PN,TV,0.3970609468,2,highly_different_profile,missing_data,Largest normalized profile difference is missing_data.,unordered_geo_code_pairs,"Similarity means official-data profiles look alike under this method; it does not mean the places share the same vulnerability, lived experience, or policy need."
PN,VU,0.406582616,2,highly_different_profile,missing_data,Largest normalized profile difference is missing_data.,unordered_geo_code_pairs,"Similarity means official-data profiles look alike under this method; it does not mean the places share the same vulnerability, lived experience, or policy need."
PN,WF,0.0760466099,2,similar_profile,missing_data,Largest normalized profile difference is missing_data.,unordered_geo_code_pairs,"Similarity means official-data profiles look alike under this method; it does not mean the places share the same vulnerability, lived experience, or policy need."
PN,WS,0.4046922399,2,highly_different_profile,missing_data,Largest normalized profile difference is missing_data.,unordered_geo_code_pairs,"Similarity means official-data profiles look alike under this method; it does not mean the places share the same vulnerability, lived experience, or policy need."
PW,SB,0.0069079583,2,very_similar_profile,rank_fragility,Largest normalized profile difference is rank_fragility.,unordered_geo_code_pairs,"Similarity means official-data profiles look alike under this method; it does not mean the places share the same vulnerability, lived experience, or policy need."
PW,TK,0.1527021203,2,different_profile,missing_data,Largest normalized profile difference is missing_data.,unordered_geo_code_pairs,"Similarity means official-data profiles look alike under this method; it does not mean the places share the same vulnerability, lived experience, or policy need."
PW,TO,0.0035108535,2,very_similar_profile,capacity,Largest normalized profile difference is capacity.,unordered_geo_code_pairs,"Similarity means official-data profiles look alike under this method; it does not mean the places share the same vulnerability, lived experience, or policy need."
PW,TV,0.001592758,2,very_similar_profile,data_visibility,Largest normalized profile difference is data_visibility.,unordered_geo_code_pairs,"Similarity means official-data profiles look alike under this method; it does not mean the places share the same vulnerability, lived experience, or policy need."
PW,VU,0.0044377921,2,very_similar_profile,capacity,Largest normalized profile difference is capacity.,unordered_geo_code_pairs,"Similarity means official-data profiles look alike under this method; it does not mean the places share the same vulnerability, lived experience, or policy need."
PW,WF,0.3136438346,2,highly_different_profile,monitoring_reporting_gap,Largest normalized profile difference is monitoring_reporting_gap.,unordered_geo_code_pairs,"Similarity means official-data profiles look alike under this method; it does not mean the places share the same vulnerability, lived experience, or policy need."
PW,WS,0.0208038988,2,very_similar_profile,rank_fragility,Largest normalized profile difference is rank_fragility.,unordered_geo_code_pairs,"Similarity means official-data profiles look alike under this method; it does not mean the places share the same vulnerability, lived experience, or policy need."
SB,TK,0.1504364462,2,different_profile,missing_data,Largest normalized profile difference is missing_data.,unordered_geo_code_pairs,"Similarity means official-data profiles look alike under this method; it does not mean the places share the same vulnerability, lived experience, or policy need."
SB,TO,0.0064119123,2,very_similar_profile,rank_fragility,Largest normalized profile difference is rank_fragility.,unordered_geo_code_pairs,"Similarity means official-data profiles look alike under this method; it does not mean the places share the same vulnerability, lived experience, or policy need."
SB,TV,0.0120381704,2,very_similar_profile,data_visibility,Largest normalized profile difference is data_visibility.,unordered_geo_code_pairs,"Similarity means official-data profiles look alike under this method; it does not mean the places share the same vulnerability, lived experience, or policy need."
SB,VU,0.0105192434,2,very_similar_profile,rank_fragility,Largest normalized profile difference is rank_fragility.,unordered_geo_code_pairs,"Similarity means official-data profiles look alike under this method; it does not mean the places share the same vulnerability, lived experience, or policy need."
SB,WF,0.3152214902,2,highly_different_profile,monitoring_reporting_gap,Largest normalized profile difference is monitoring_reporting_gap.,unordered_geo_code_pairs,"Similarity means official-data profiles look alike under this method; it does not mean the places share the same vulnerability, lived experience, or policy need."
SB,WS,0.0428456774,2,very_similar_profile,rank_fragility,Largest normalized profile difference is rank_fragility.,unordered_geo_code_pairs,"Similarity means official-data profiles look alike under this method; it does not mean the places share the same vulnerability, lived experience, or policy need."
TK,TO,0.1624973923,2,different_profile,capacity,Largest normalized profile difference is capacity.,unordered_geo_code_pairs,"Similarity means official-data profiles look alike under this method; it does not mean the places share the same vulnerability, lived experience, or policy need."
TK,TV,0.1431146839,2,similar_profile,missing_data,Largest normalized profile difference is missing_data.,unordered_geo_code_pairs,"Similarity means official-data profiles look alike under this method; it does not mean the places share the same vulnerability, lived experience, or policy need."
TK,VU,0.1754377759,2,different_profile,capacity,Largest normalized profile difference is capacity.,unordered_geo_code_pairs,"Similarity means official-data profiles look alike under this method; it does not mean the places share the same vulnerability, lived experience, or policy need."
TK,WF,0.1810487796,2,different_profile,monitoring_reporting_gap,Largest normalized profile difference is monitoring_reporting_gap.,unordered_geo_code_pairs,"Similarity means official-data profiles look alike under this method; it does not mean the places share the same vulnerability, lived experience, or policy need."
TK,WS,0.2032772821,2,different_profile,rank_fragility,Largest normalized profile difference is rank_fragility.,unordered_geo_code_pairs,"Similarity means official-data profiles look alike under this method; it does not mean the places share the same vulnerability, lived experience, or policy need."
TO,TV,0.0063647955,2,very_similar_profile,capacity,Largest normalized profile difference is capacity.,unordered_geo_code_pairs,"Similarity means official-data profiles look alike under this method; it does not mean the places share the same vulnerability, lived experience, or policy need."
TO,VU,0.0010016761,2,very_similar_profile,rank_fragility,Largest normalized profile difference is rank_fragility.,unordered_geo_code_pairs,"Similarity means official-data profiles look alike under this method; it does not mean the places share the same vulnerability, lived experience, or policy need."
TO,WF,0.3295917848,2,highly_different_profile,monitoring_reporting_gap,Largest normalized profile difference is monitoring_reporting_gap.,unordered_geo_code_pairs,"Similarity means official-data profiles look alike under this method; it does not mean the places share the same vulnerability, lived experience, or policy need."
TO,WS,0.0172296938,2,very_similar_profile,rank_fragility,Largest normalized profile difference is rank_fragility.,unordered_geo_code_pairs,"Similarity means official-data profiles look alike under this method; it does not mean the places share the same vulnerability, lived experience, or policy need."
TV,VU,0.008093299,2,very_similar_profile,capacity,Largest normalized profile difference is capacity.,unordered_geo_code_pairs,"Similarity means official-data profiles look alike under this method; it does not mean the places share the same vulnerability, lived experience, or policy need."
TV,WF,0.3087005474,2,highly_different_profile,monitoring_reporting_gap,Largest normalized profile difference is monitoring_reporting_gap.,unordered_geo_code_pairs,"Similarity means official-data profiles look alike under this method; it does not mean the places share the same vulnerability, lived experience, or policy need."
TV,WS,0.0197923435,2,very_similar_profile,rank_fragility,Largest normalized profile difference is rank_fragility.,unordered_geo_code_pairs,"Similarity means official-data profiles look alike under this method; it does not mean the places share the same vulnerability, lived experience, or policy need."
VU,WF,0.3374161784,2,highly_different_profile,monitoring_reporting_gap,Largest normalized profile difference is monitoring_reporting_gap.,unordered_geo_code_pairs,"Similarity means official-data profiles look alike under this method; it does not mean the places share the same vulnerability, lived experience, or policy need."
VU,WS,0.0121598754,2,very_similar_profile,data_visibility,Largest normalized profile difference is data_visibility.,unordered_geo_code_pairs,"Similarity means official-data profiles look alike under this method; it does not mean the places share the same vulnerability, lived experience, or policy need."
WF,WS,0.3641872089,2,highly_different_profile,monitoring_reporting_gap,Largest normalized profile difference is monitoring_reporting_gap.,unordered_geo_code_pairs,"Similarity means official-data profiles look alike under this method; it does not mean the places share the same vulnerability, lived experience, or policy need."
