geo_code,geography_name,subregion,score_status,adaptation_gap_rank,adaptation_gap_score,climate_pressure_score,capacity_score,score_input_indicator_count,context_indicator_count,trace_indicator_count,scored_indicator_count,pressure_indicator_count,capacity_indicator_count,available_profile_pillars,missing_profile_pillars,rank_range,robustness_label,coverage_flag,missingness_status,monitoring_reporting_status,monitoring_coverage_tier,monitoring_count,monitoring_observation_count,component_pressure,component_capacity,component_data_visibility,component_rank_fragility,component_missing_data,component_monitoring_reporting_gap,fingerprint_pressure,fingerprint_capacity,fingerprint_data_visibility,fingerprint_rank_fragility,fingerprint_missing_data,fingerprint_monitoring_reporting_gap,fingerprint_total,component_labels,jsd_log_base,zero_smoothing_policy,divergence_caveat
PN,Pitcairn,Polynesia,scored,1,100.0,53.40909090909091,10.1010101010101,4,0,4,4,2,2,adaptation_capacity climate_signal,observed_stress,2,sensitive,data_desert,data_desert_or_missing_pillars,reported_zero_latest_count,reported_zero_proxy_coverage,0.0,138,53.4090909091,10.101010101,50.0,13.3333333333,100.0,70.0,0.1799234368,0.0340280732,0.1684389621,0.0449170566,0.3368779243,0.235814547,1.0,pressure capacity data_visibility rank_fragility missing_data monitoring_reporting_gap,2,JSD uses normalized nonnegative vectors. Zero components remain zero; smoothing is explicit and is not used for public artifacts unless a zero-total vector requires it.,"Similarity means official-data profiles look alike under this method; it does not mean the places share the same vulnerability, lived experience, or policy need."
NR,Nauru,Micronesia,scored,2,88.9403,61.5530303030303,26.936026936026938,8,1,9,8,5,3,adaptation_capacity climate_signal observed_stress,,6,fragile,complete_dataset_coverage,profile_components_present,reported_zero_latest_count,reported_zero_proxy_coverage,0.0,138,49.9134199134,26.936026936,100.0,40.0,0.0,70.0,0.1740056342,0.0939030116,0.3486149306,0.1394459722,0.0,0.2440304514,1.0,pressure capacity data_visibility rank_fragility missing_data monitoring_reporting_gap,2,JSD uses normalized nonnegative vectors. Zero components remain zero; smoothing is explicit and is not used for public artifacts unless a zero-total vector requires it.,"Similarity means official-data profiles look alike under this method; it does not mean the places share the same vulnerability, lived experience, or policy need."
AS,American Samoa,Polynesia,scored,3,84.9656,49.675324675324674,18.181818181818183,6,1,7,6,5,1,adaptation_capacity climate_signal observed_stress,,6,fragile,partial_dataset_coverage,partial_or_thin_profile,missing_monitoring_dataset_row,missing_reporting,0.0,0,48.0519480519,18.1818181818,75.0,40.0,50.0,100.0,0.1450695942,0.0548911978,0.2264261909,0.1207606352,0.150950794,0.3019015879,1.0,pressure capacity data_visibility rank_fragility missing_data monitoring_reporting_gap,2,JSD uses normalized nonnegative vectors. Zero components remain zero; smoothing is explicit and is not used for public artifacts unless a zero-total vector requires it.,"Similarity means official-data profiles look alike under this method; it does not mean the places share the same vulnerability, lived experience, or policy need."
WF,Wallis and Futuna Islands,Polynesia,scored,4,82.5555,34.14502164502164,4.545454545454546,6,0,6,6,5,1,adaptation_capacity climate_signal observed_stress,,10,fragile,partial_dataset_coverage,partial_or_thin_profile,missing_monitoring_dataset_row,missing_reporting,0.0,0,43.2034632035,4.5454545455,75.0,66.6666666667,50.0,100.0,0.1272878005,0.0133920031,0.2209680505,0.1964160449,0.1473120337,0.2946240673,1.0,pressure capacity data_visibility rank_fragility missing_data monitoring_reporting_gap,2,JSD uses normalized nonnegative vectors. Zero components remain zero; smoothing is explicit and is not used for public artifacts unless a zero-total vector requires it.,"Similarity means official-data profiles look alike under this method; it does not mean the places share the same vulnerability, lived experience, or policy need."
TV,Tuvalu,Polynesia,scored,5,77.7085,66.53138528138527,40.74074074074074,8,1,9,8,5,3,adaptation_capacity climate_signal observed_stress,,7,fragile,complete_dataset_coverage,profile_components_present,reported_positive_latest_count,visible_proxy_coverage,3.0,95,55.0216450216,40.7407407407,100.0,46.6666666667,0.0,0.0,0.2269597825,0.1680522212,0.4124918156,0.1924961806,0.0,0.0,1.0,pressure capacity data_visibility rank_fragility missing_data monitoring_reporting_gap,2,JSD uses normalized nonnegative vectors. Zero components remain zero; smoothing is explicit and is not used for public artifacts unless a zero-total vector requires it.,"Similarity means official-data profiles look alike under this method; it does not mean the places share the same vulnerability, lived experience, or policy need."
MH,Marshall Islands,Micronesia,scored,6,65.9545,67.05898268398269,50.5050505050505,8,1,9,8,5,3,adaptation_capacity climate_signal observed_stress,,15,fragile,complete_dataset_coverage,profile_components_present,reported_positive_latest_count,low_proxy_coverage,2.0,82,47.2943722944,50.5050505051,100.0,100.0,0.0,0.0,0.1588128407,0.1695941853,0.335796487,0.335796487,0.0,0.0,1.0,pressure capacity data_visibility rank_fragility missing_data monitoring_reporting_gap,2,JSD uses normalized nonnegative vectors. Zero components remain zero; smoothing is explicit and is not used for public artifacts unless a zero-total vector requires it.,"Similarity means official-data profiles look alike under this method; it does not mean the places share the same vulnerability, lived experience, or policy need."
NU,Niue,Polynesia,scored,7,63.2479,32.44047619047619,18.013468013468014,8,0,8,8,5,3,adaptation_capacity climate_signal observed_stress,,9,fragile,partial_dataset_coverage,partial_or_thin_profile,reported_zero_latest_count,reported_zero_proxy_coverage,0.0,138,40.4761904762,18.0134680135,100.0,60.0,50.0,70.0,0.1195788098,0.0532171887,0.2954300006,0.1772580003,0.1477150003,0.2068010004,1.0,pressure capacity data_visibility rank_fragility missing_data monitoring_reporting_gap,2,JSD uses normalized nonnegative vectors. Zero components remain zero; smoothing is explicit and is not used for public artifacts unless a zero-total vector requires it.,"Similarity means official-data profiles look alike under this method; it does not mean the places share the same vulnerability, lived experience, or policy need."
PW,Palau,Micronesia,scored,8,62.6435,64.96212121212122,51.01010101010101,8,1,9,8,5,3,adaptation_capacity climate_signal observed_stress,,8,fragile,complete_dataset_coverage,profile_components_present,reported_positive_latest_count,low_proxy_coverage,1.0,79,66.7965367965,51.0101010101,100.0,53.3333333333,0.0,0.0,0.2463544439,0.1881319851,0.3688131985,0.1967003725,0.0,0.0,1.0,pressure capacity data_visibility rank_fragility missing_data monitoring_reporting_gap,2,JSD uses normalized nonnegative vectors. Zero components remain zero; smoothing is explicit and is not used for public artifacts unless a zero-total vector requires it.,"Similarity means official-data profiles look alike under this method; it does not mean the places share the same vulnerability, lived experience, or policy need."
FM,Micronesia (Federated States of),Micronesia,scored,9,58.355,76.4069264069264,65.82491582491582,8,1,9,8,5,3,adaptation_capacity climate_signal observed_stress,,7,fragile,complete_dataset_coverage,profile_components_present,reported_positive_latest_count,visible_proxy_coverage,3.0,86,67.9653679654,65.8249158249,100.0,46.6666666667,0.0,0.0,0.2423379697,0.234705953,0.3565609618,0.1663951155,0.0,0.0,1.0,pressure capacity data_visibility rank_fragility missing_data monitoring_reporting_gap,2,JSD uses normalized nonnegative vectors. Zero components remain zero; smoothing is explicit and is not used for public artifacts unless a zero-total vector requires it.,"Similarity means official-data profiles look alike under this method; it does not mean the places share the same vulnerability, lived experience, or policy need."
SB,Solomon Islands,Melanesia,scored,10,58.0643,81.06060606060606,70.70707070707071,8,1,9,8,5,3,adaptation_capacity climate_signal observed_stress,,13,fragile,complete_dataset_coverage,profile_components_present,reported_positive_latest_count,visible_proxy_coverage,3.0,77,72.5541125541,70.7070707071,100.0,86.6666666667,0.0,0.0,0.2199090273,0.2143107068,0.303096571,0.2626836949,0.0,0.0,1.0,pressure capacity data_visibility rank_fragility missing_data monitoring_reporting_gap,2,JSD uses normalized nonnegative vectors. Zero components remain zero; smoothing is explicit and is not used for public artifacts unless a zero-total vector requires it.,"Similarity means official-data profiles look alike under this method; it does not mean the places share the same vulnerability, lived experience, or policy need."
TK,Tokelau,Polynesia,scored,11,55.7364,23.254870129870127,14.73063973063973,8,0,8,8,5,3,adaptation_capacity climate_signal observed_stress,,12,fragile,partial_dataset_coverage,partial_or_thin_profile,reported_positive_latest_count,low_proxy_coverage,1.0,11,25.7792207792,14.7306397306,100.0,80.0,50.0,0.0,0.0952986362,0.0544550934,0.3696722915,0.2957378332,0.1848361457,0.0,1.0,pressure capacity data_visibility rank_fragility missing_data monitoring_reporting_gap,2,JSD uses normalized nonnegative vectors. Zero components remain zero; smoothing is explicit and is not used for public artifacts unless a zero-total vector requires it.,"Similarity means official-data profiles look alike under this method; it does not mean the places share the same vulnerability, lived experience, or policy need."
MP,Northern Mariana Islands,Micronesia,scored,12,51.1209,45.80627705627706,40.909090909090914,6,1,7,6,5,1,adaptation_capacity climate_signal observed_stress,,9,fragile,partial_dataset_coverage,partial_or_thin_profile,missing_monitoring_dataset_row,missing_reporting,0.0,0,61.8614718615,40.9090909091,75.0,60.0,50.0,100.0,0.1595311192,0.1054981859,0.1934133408,0.1547306726,0.1289422272,0.2578844544,1.0,pressure capacity data_visibility rank_fragility missing_data monitoring_reporting_gap,2,JSD uses normalized nonnegative vectors. Zero components remain zero; smoothing is explicit and is not used for public artifacts unless a zero-total vector requires it.,"Similarity means official-data profiles look alike under this method; it does not mean the places share the same vulnerability, lived experience, or policy need."
VU,Vanuatu,Melanesia,scored,13,38.3856,65.25974025974025,70.37037037037037,8,1,9,8,5,3,adaptation_capacity climate_signal observed_stress,,7,fragile,complete_dataset_coverage,profile_components_present,reported_positive_latest_count,visible_proxy_coverage,6.0,74,64.4155844156,70.3703703704,100.0,46.6666666667,0.0,0.0,0.228868305,0.2500256349,0.3552995864,0.1658064737,0.0,0.0,1.0,pressure capacity data_visibility rank_fragility missing_data monitoring_reporting_gap,2,JSD uses normalized nonnegative vectors. Zero components remain zero; smoothing is explicit and is not used for public artifacts unless a zero-total vector requires it.,"Similarity means official-data profiles look alike under this method; it does not mean the places share the same vulnerability, lived experience, or policy need."
WS,Samoa,Polynesia,scored,14,36.974,48.99891774891775,55.21885521885522,8,1,9,8,5,3,adaptation_capacity climate_signal observed_stress,,3,sensitive,complete_dataset_coverage,profile_components_present,reported_positive_latest_count,low_proxy_coverage,2.0,138,49.8268398268,55.2188552189,100.0,20.0,0.0,0.0,0.221407656,0.2453673029,0.444354201,0.0888708402,0.0,0.0,1.0,pressure capacity data_visibility rank_fragility missing_data monitoring_reporting_gap,2,JSD uses normalized nonnegative vectors. Zero components remain zero; smoothing is explicit and is not used for public artifacts unless a zero-total vector requires it.,"Similarity means official-data profiles look alike under this method; it does not mean the places share the same vulnerability, lived experience, or policy need."
KI,Kiribati,Micronesia,scored,15,31.0979,47.916666666666664,58.754208754208754,8,1,9,8,5,3,adaptation_capacity climate_signal observed_stress,,12,fragile,complete_dataset_coverage,profile_components_present,reported_positive_latest_count,visible_proxy_coverage,4.0,81,42.380952381,58.7542087542,100.0,80.0,0.0,0.0,0.1507493841,0.208989187,0.3557007939,0.2845606351,0.0,0.0,1.0,pressure capacity data_visibility rank_fragility missing_data monitoring_reporting_gap,2,JSD uses normalized nonnegative vectors. Zero components remain zero; smoothing is explicit and is not used for public artifacts unless a zero-total vector requires it.,"Similarity means official-data profiles look alike under this method; it does not mean the places share the same vulnerability, lived experience, or policy need."
CK,Cook Islands,Polynesia,scored,16,28.9709,30.167748917748916,42.676767676767675,8,0,8,8,5,3,adaptation_capacity climate_signal observed_stress,,10,fragile,partial_dataset_coverage,partial_or_thin_profile,reported_positive_latest_count,low_proxy_coverage,2.0,79,36.8398268398,42.6767676768,100.0,66.6666666667,50.0,0.0,0.1243818665,0.1440890599,0.3376288032,0.2250858688,0.1688144016,0.0,1.0,pressure capacity data_visibility rank_fragility missing_data monitoring_reporting_gap,2,JSD uses normalized nonnegative vectors. Zero components remain zero; smoothing is explicit and is not used for public artifacts unless a zero-total vector requires it.,"Similarity means official-data profiles look alike under this method; it does not mean the places share the same vulnerability, lived experience, or policy need."
TO,Tonga,Polynesia,scored,17,26.249,52.69209956709956,67.34006734006734,8,1,9,8,5,3,adaptation_capacity climate_signal observed_stress,,8,fragile,complete_dataset_coverage,profile_components_present,reported_positive_latest_count,visible_proxy_coverage,4.0,81,58.5930735931,67.3400673401,100.0,53.3333333333,0.0,0.0,0.2098106253,0.2411319422,0.3580809342,0.1909764982,0.0,0.0,1.0,pressure capacity data_visibility rank_fragility missing_data monitoring_reporting_gap,2,JSD uses normalized nonnegative vectors. Zero components remain zero; smoothing is explicit and is not used for public artifacts unless a zero-total vector requires it.,"Similarity means official-data profiles look alike under this method; it does not mean the places share the same vulnerability, lived experience, or policy need."
PG,Papua New Guinea,Melanesia,scored,18,23.5272,76.73160173160173,93.51851851851852,8,1,9,8,5,3,adaptation_capacity climate_signal observed_stress,,12,fragile,complete_dataset_coverage,profile_components_present,reported_positive_latest_count,visible_proxy_coverage,6.0,76,77.0562770563,93.5185185185,100.0,80.0,0.0,0.0,0.2197998203,0.2667576782,0.2852458342,0.2281966673,0.0,0.0,1.0,pressure capacity data_visibility rank_fragility missing_data monitoring_reporting_gap,2,JSD uses normalized nonnegative vectors. Zero components remain zero; smoothing is explicit and is not used for public artifacts unless a zero-total vector requires it.,"Similarity means official-data profiles look alike under this method; it does not mean the places share the same vulnerability, lived experience, or policy need."
GU,Guam,Micronesia,scored,19,19.8699,38.41991341991342,58.08080808080808,7,1,8,7,5,2,adaptation_capacity climate_signal observed_stress,,12,fragile,partial_dataset_coverage,partial_or_thin_profile,missing_monitoring_dataset_row,missing_reporting,0.0,0,50.0432900433,58.0808080808,87.5,80.0,50.0,100.0,0.117576261,0.1364603375,0.205580465,0.1879592823,0.1174745514,0.2349491028,1.0,pressure capacity data_visibility rank_fragility missing_data monitoring_reporting_gap,2,JSD uses normalized nonnegative vectors. Zero components remain zero; smoothing is explicit and is not used for public artifacts unless a zero-total vector requires it.,"Similarity means official-data profiles look alike under this method; it does not mean the places share the same vulnerability, lived experience, or policy need."
NC,New Caledonia,Melanesia,scored,20,12.7219,47.28084415584416,72.55892255892256,8,1,9,8,5,3,adaptation_capacity climate_signal observed_stress,,7,fragile,complete_dataset_coverage,profile_components_present,reported_positive_latest_count,visible_proxy_coverage,4.0,86,52.7922077922,72.5589225589,100.0,46.6666666667,0.0,0.0,0.1940763008,0.2667432916,0.3676230052,0.1715574024,0.0,0.0,1.0,pressure capacity data_visibility rank_fragility missing_data monitoring_reporting_gap,2,JSD uses normalized nonnegative vectors. Zero components remain zero; smoothing is explicit and is not used for public artifacts unless a zero-total vector requires it.,"Similarity means official-data profiles look alike under this method; it does not mean the places share the same vulnerability, lived experience, or policy need."
FJ,Fiji,Melanesia,scored,21,10.4878,59.07738095238095,86.11111111111113,8,1,9,8,5,3,adaptation_capacity climate_signal observed_stress,,6,fragile,complete_dataset_coverage,profile_components_present,reported_positive_latest_count,visible_proxy_coverage,8.0,94,51.6666666667,86.1111111111,100.0,40.0,0.0,0.0,0.186,0.31,0.36,0.144,0.0,0.0,1.0,pressure capacity data_visibility rank_fragility missing_data monitoring_reporting_gap,2,JSD uses normalized nonnegative vectors. Zero components remain zero; smoothing is explicit and is not used for public artifacts unless a zero-total vector requires it.,"Similarity means official-data profiles look alike under this method; it does not mean the places share the same vulnerability, lived experience, or policy need."
PF,French Polynesia,Polynesia,scored,22,0.0,29.70779220779221,64.98316498316498,8,1,9,8,5,3,adaptation_capacity climate_signal observed_stress,,3,sensitive,complete_dataset_coverage,profile_components_present,reported_positive_latest_count,visible_proxy_coverage,7.0,97,36.1038961039,64.9831649832,100.0,20.0,0.0,0.0,0.1633017144,0.293925681,0.4523105039,0.0904621008,0.0,0.0,1.0,pressure capacity data_visibility rank_fragility missing_data monitoring_reporting_gap,2,JSD uses normalized nonnegative vectors. Zero components remain zero; smoothing is explicit and is not used for public artifacts unless a zero-total vector requires it.,"Similarity means official-data profiles look alike under this method; it does not mean the places share the same vulnerability, lived experience, or policy need."
